,id,badge
0,379,topCompany
1,357,topCompany
2,356,topCompany
3,358,highlightWomen
4,383,topCompany
5,383,highlightBlack
6,344,topCompany
7,325,topCompany
8,307,topCompany
9,311,topCompany
10,282,isHiring
11,271,topCompany
12,270,isHiring
13,244,topCompany
14,248,topCompany
15,248,isHiring
16,240,topCompany
17,240,isHiring
18,258,isHiring
19,221,topCompany
20,202,topCompany
21,177,topCompany
22,197,topCompany
23,200,highlightWomen
24,181,highlightWomen
25,158,topCompany
26,168,topCompany
27,145,topCompany
28,170,topCompany
29,164,isHiring
30,146,isHiring
31,142,highlightLatinx
32,167,highlightBlack
33,88,topCompany
34,86,topCompany
35,90,isHiring
36,83,highlightWomen
37,82,isHiring
38,76,isHiring
39,73,isHiring
40,72,isHiring
41,110,isHiring
42,102,isHiring
43,40,topCompany
44,40,isHiring
45,30,topCompany
46,8,topCompany
47,8,highlightWomen
48,60,topCompany
49,24,topCompany
50,24,isHiring
51,4940,topCompany
52,5,isHiring
53,19,isHiring
54,1548,isHiring
55,10,highlightWomen
56,65,highlightBlack
57,11,highlightBlack
58,439,topCompany
59,468,topCompany
60,468,isHiring
61,445,topCompany
62,429,topCompany
63,412,topCompany
64,412,highlightLatinx
65,414,topCompany
66,414,isHiring
67,442,topCompany
68,464,isHiring
69,446,highlightWomen
70,444,highlightWomen
71,444,isHiring
72,417,highlightWomen
73,409,isHiring
74,413,highlightWomen
75,458,highlightBlack
76,452,highlightWomen
77,448,highlightLatinx
78,448,highlightWomen
79,498,topCompany
80,482,topCompany
81,475,topCompany
82,516,nonprofit
83,516,highlightWomen
84,508,highlightLatinx
85,508,highlightWomen
86,508,isHiring
87,503,isHiring
88,500,isHiring
89,497,highlightWomen
90,490,isHiring
91,488,isHiring
92,481,isHiring
93,479,isHiring
94,499,highlightWomen
95,485,highlightWomen
96,531,topCompany
97,531,isHiring
98,542,highlightLatinx
99,528,topCompany
100,566,topCompany
101,566,isHiring
102,563,highlightWomen
103,552,isHiring
104,556,highlightLatinx
105,526,highlightWomen
106,521,highlightWomen
107,536,highlightLatinx
108,630,topCompany
109,636,topCompany
110,636,isHiring
111,580,topCompany
112,590,topCompany
113,595,topCompany
114,595,isHiring
115,647,nonprofit
116,642,nonprofit
117,633,nonprofit
118,633,highlightWomen
119,628,isHiring
120,619,highlightBlack
121,619,highlightWomen
122,619,isHiring
123,613,isHiring
124,608,nonprofit
125,597,isHiring
126,588,nonprofit
127,585,nonprofit
128,585,highlightWomen
129,583,isHiring
130,578,highlightBlack
131,578,highlightWomen
132,577,nonprofit
133,577,highlightLatinx
134,577,highlightWomen
135,625,highlightWomen
136,621,highlightWomen
137,729,topCompany
138,729,highlightWomen
139,729,isHiring
140,700,topCompany
141,731,topCompany
142,731,highlightWomen
143,662,topCompany
144,662,isHiring
145,728,topCompany
146,705,topCompany
147,732,nonprofit
148,730,highlightLatinx
149,727,highlightWomen
150,727,isHiring
151,703,isHiring
152,695,highlightWomen
153,695,isHiring
154,693,isHiring
155,735,highlightLatinx
156,704,highlightWomen
157,663,highlightWomen
158,655,highlightLatinx
159,655,highlightWomen
160,668,highlightBlack
161,654,highlightLatinx
162,810,topCompany
163,739,topCompany
164,739,isHiring
165,809,topCompany
166,809,isHiring
167,767,topCompany
168,827,topCompany
169,827,isHiring
170,857,highlightLatinx
171,856,isHiring
172,849,highlightWomen
173,848,highlightWomen
174,847,highlightBlack
175,834,highlightWomen
176,817,isHiring
177,813,highlightWomen
178,811,isHiring
179,797,highlightLatinx
180,791,highlightLatinx
181,789,isHiring
182,787,nonprofit
183,787,highlightBlack
184,787,highlightWomen
185,774,highlightLatinx
186,773,highlightLatinx
187,764,highlightBlack
188,763,highlightBlack
189,761,nonprofit
190,760,nonprofit
191,760,highlightLatinx
192,755,highlightLatinx
193,755,isHiring
194,751,isHiring
195,740,isHiring
196,1434,nonprofit
197,1434,highlightLatinx
198,855,highlightWomen
199,836,highlightWomen
200,814,highlightWomen
201,801,highlightWomen
202,793,highlightBlack
203,793,highlightWomen
204,785,highlightWomen
205,744,highlightWomen
206,854,highlightBlack
207,823,highlightBlack
208,794,highlightBlack
209,944,topCompany
210,944,isHiring
211,870,topCompany
212,934,topCompany
213,934,highlightLatinx
214,934,highlightWomen
215,967,isHiring
216,964,highlightLatinx
217,964,highlightWomen
218,964,isHiring
219,963,isHiring
220,960,isHiring
221,946,highlightWomen
222,946,isHiring
223,941,nonprofit
224,938,highlightWomen
225,938,isHiring
226,936,isHiring
227,922,highlightWomen
228,921,highlightWomen
229,915,isHiring
230,914,isHiring
231,913,isHiring
232,908,highlightWomen
233,902,highlightWomen
234,900,highlightLatinx
235,898,isHiring
236,896,nonprofit
237,889,highlightLatinx
238,888,isHiring
239,884,isHiring
240,878,highlightWomen
241,878,isHiring
242,876,isHiring
243,869,nonprofit
244,869,highlightBlack
245,869,highlightWomen
246,866,isHiring
247,865,nonprofit
248,865,highlightWomen
249,861,isHiring
250,971,highlightBlack
251,956,highlightLatinx
252,926,highlightWomen
253,916,highlightWomen
254,912,highlightBlack
255,905,highlightLatinx
256,877,highlightWomen
257,867,highlightBlack
258,970,highlightLatinx
259,945,highlightBlack
260,920,highlightBlack
261,903,highlightBlack
262,875,highlightBlack
263,875,highlightLatinx
264,863,highlightBlack
265,982,highlightBlack
266,1005,topCompany
267,1058,topCompany
268,1067,topCompany
269,1021,topCompany
270,1021,highlightBlack
271,1091,topCompany
272,1042,topCompany
273,1103,topCompany
274,1103,highlightLatinx
275,1103,isHiring
276,991,isHiring
277,989,isHiring
278,988,highlightWomen
279,988,isHiring
280,977,isHiring
281,974,isHiring
282,973,isHiring
283,972,isHiring
284,1101,highlightWomen
285,1098,nonprofit
286,1096,isHiring
287,1093,isHiring
288,1086,isHiring
289,1080,isHiring
290,1079,isHiring
291,1071,nonprofit
292,1055,nonprofit
293,1055,highlightBlack
294,1055,highlightWomen
295,1051,isHiring
296,1047,isHiring
297,1044,isHiring
298,1037,isHiring
299,1034,isHiring
300,1033,isHiring
301,1032,isHiring
302,1028,isHiring
303,1020,highlightLatinx
304,1018,highlightBlack
305,1018,isHiring
306,1016,highlightBlack
307,1010,highlightLatinx
308,1009,highlightWomen
309,1089,highlightBlack
310,1088,highlightLatinx
311,1054,highlightBlack
312,983,highlightWomen
313,1075,highlightWomen
314,1064,highlightWomen
315,1062,highlightWomen
316,1061,highlightBlack
317,1023,highlightLatinx
318,1023,highlightWomen
319,1433,topCompany
320,1270,topCompany
321,1266,topCompany
322,1266,isHiring
323,1352,topCompany
324,1294,topCompany
325,1294,isHiring
326,1343,highlightWomen
327,1339,highlightLatinx
328,1299,isHiring
329,1286,highlightWomen
330,1284,highlightBlack
331,1284,isHiring
332,1274,highlightBlack
333,1274,highlightWomen
334,1272,highlightWomen
335,1272,isHiring
336,1271,isHiring
337,1269,highlightBlack
338,1264,isHiring
339,1252,highlightWomen
340,1252,isHiring
341,1251,highlightLatinx
342,1249,highlightWomen
343,1246,nonprofit
344,1233,highlightWomen
345,1232,nonprofit
346,1232,highlightLatinx
347,1232,highlightWomen
348,1232,isHiring
349,1229,highlightWomen
350,1226,isHiring
351,1225,highlightWomen
352,1225,isHiring
353,1224,highlightWomen
354,1224,isHiring
355,1213,isHiring
356,1210,highlightLatinx
357,1206,isHiring
358,1205,nonprofit
359,1205,highlightWomen
360,1201,isHiring
361,1200,isHiring
362,1188,highlightWomen
363,1184,isHiring
364,1183,isHiring
365,1431,highlightLatinx
366,1285,highlightLatinx
367,1285,highlightWomen
368,1245,highlightWomen
369,1241,highlightWomen
370,1211,highlightLatinx
371,1278,highlightBlack
372,1227,highlightBlack
373,1186,highlightBlack
374,1556,topCompany
375,1556,highlightLatinx
376,1480,topCompany
377,1480,highlightWomen
378,1480,isHiring
379,1543,topCompany
380,1543,isHiring
381,1451,topCompany
382,1451,isHiring
383,1575,nonprofit
384,1564,isHiring
385,1555,nonprofit
386,1555,highlightWomen
387,1552,nonprofit
388,1551,isHiring
389,1541,isHiring
390,1540,isHiring
391,1535,isHiring
392,1532,highlightLatinx
393,1532,highlightWomen
394,1530,isHiring
395,1527,highlightBlack
396,1527,isHiring
397,1524,isHiring
398,1523,highlightBlack
399,1522,highlightBlack
400,1520,highlightBlack
401,1519,highlightLatinx
402,1517,isHiring
403,1509,isHiring
404,1506,isHiring
405,1503,highlightBlack
406,1502,highlightLatinx
407,1502,isHiring
408,1498,isHiring
409,1496,highlightWomen
410,1490,isHiring
411,1482,isHiring
412,1475,isHiring
413,1472,highlightLatinx
414,1472,highlightWomen
415,1468,highlightWomen
416,1464,isHiring
417,1463,highlightBlack
418,1461,isHiring
419,1455,highlightWomen
420,1448,highlightBlack
421,1448,highlightWomen
422,1444,highlightLatinx
423,1444,highlightWomen
424,1443,isHiring
425,1438,isHiring
426,1563,highlightLatinx
427,1563,highlightWomen
428,1526,highlightWomen
429,1525,highlightWomen
430,1514,highlightWomen
431,1505,highlightWomen
432,1456,highlightWomen
433,1454,highlightWomen
434,1446,highlightWomen
435,1441,highlightWomen
436,1553,nonprofit
437,1553,highlightWomen
438,1474,highlightBlack
439,1474,highlightWomen
440,1471,highlightBlack
441,1453,highlightBlack
442,1616,topCompany
443,1616,isHiring
444,1688,topCompany
445,1688,highlightWomen
446,1713,isHiring
447,1702,highlightWomen
448,1700,highlightWomen
449,1693,isHiring
450,1692,isHiring
451,1680,isHiring
452,1677,isHiring
453,1673,isHiring
454,1671,highlightWomen
455,1671,isHiring
456,1663,isHiring
457,1647,highlightLatinx
458,1646,isHiring
459,1645,highlightBlack
460,1639,highlightWomen
461,1639,isHiring
462,1638,isHiring
463,1636,isHiring
464,1629,isHiring
465,1614,highlightBlack
466,1614,highlightWomen
467,1611,isHiring
468,1609,highlightWomen
469,1603,isHiring
470,1602,isHiring
471,1600,highlightBlack
472,1599,isHiring
473,1598,isHiring
474,1596,highlightBlack
475,1594,isHiring
476,1583,isHiring
477,1576,highlightWomen
478,1109,isHiring
479,1715,highlightLatinx
480,1697,highlightWomen
481,1689,highlightLatinx
482,1668,highlightLatinx
483,1626,highlightWomen
484,1669,highlightLatinx
485,1640,highlightBlack
486,1640,highlightWomen
487,1624,highlightBlack
488,1623,highlightBlack
489,1623,highlightWomen
490,1793,topCompany
491,1743,topCompany
492,1743,highlightWomen
493,1839,topCompany
494,1839,isHiring
495,1654,topCompany
496,1654,isHiring
497,1882,highlightWomen
498,1879,highlightWomen
499,1879,isHiring
500,1878,isHiring
501,1877,highlightLatinx
502,1877,highlightWomen
503,1871,isHiring
504,1869,highlightWomen
505,1869,isHiring
506,1867,isHiring
507,1865,nonprofit
508,1861,nonprofit
509,1860,nonprofit
510,1860,highlightWomen
511,1849,isHiring
512,1847,isHiring
513,1840,isHiring
514,1834,isHiring
515,1833,isHiring
516,1829,isHiring
517,1828,isHiring
518,1826,isHiring
519,1815,highlightBlack
520,1809,highlightWomen
521,1802,highlightLatinx
522,1798,highlightLatinx
523,1795,isHiring
524,1790,highlightWomen
525,1790,isHiring
526,1787,highlightBlack
527,1787,highlightWomen
528,1785,highlightLatinx
529,1781,highlightWomen
530,1781,isHiring
531,1779,highlightWomen
532,1778,highlightLatinx
533,1777,highlightWomen
534,1773,highlightWomen
535,1771,highlightWomen
536,1771,isHiring
537,1769,highlightBlack
538,1769,highlightWomen
539,1763,highlightLatinx
540,1763,highlightWomen
541,1763,isHiring
542,1760,highlightLatinx
543,1760,highlightWomen
544,1753,highlightWomen
545,1752,highlightLatinx
546,1749,isHiring
547,1746,highlightWomen
548,1744,highlightLatinx
549,1736,isHiring
550,1735,highlightWomen
551,1730,isHiring
552,1729,highlightWomen
553,1729,isHiring
554,1728,highlightBlack
555,1727,isHiring
556,1723,highlightWomen
557,1723,isHiring
558,1870,highlightLatinx
559,1806,highlightLatinx
560,1791,highlightBlack
561,1782,highlightBlack
562,1780,highlightWomen
563,1766,highlightLatinx
564,1762,highlightWomen
565,1776,highlightWomen
566,1756,highlightBlack
567,1993,topCompany
568,1886,topCompany
569,1886,highlightWomen
570,2033,highlightLatinx
571,2033,highlightWomen
572,2027,highlightWomen
573,2026,highlightWomen
574,2024,nonprofit
575,2023,highlightWomen
576,2022,isHiring
577,2018,nonprofit
578,2018,highlightWomen
579,2017,isHiring
580,2014,highlightWomen
581,2014,isHiring
582,2012,highlightBlack
583,2011,highlightBlack
584,2011,highlightWomen
585,2009,highlightBlack
586,2009,isHiring
587,2006,highlightLatinx
588,2004,highlightLatinx
589,2003,highlightLatinx
590,1998,highlightWomen
591,1998,isHiring
592,1995,isHiring
593,1994,highlightWomen
594,1994,isHiring
595,1992,highlightLatinx
596,1990,isHiring
597,1989,highlightLatinx
598,1988,isHiring
599,1979,isHiring
600,1978,isHiring
601,1977,highlightBlack
602,1977,highlightLatinx
603,1977,highlightWomen
604,1970,isHiring
605,1969,highlightWomen
606,1969,isHiring
607,1967,isHiring
608,1961,highlightWomen
609,1961,isHiring
610,1960,highlightWomen
611,1959,highlightLatinx
612,1959,highlightWomen
613,1957,isHiring
614,1946,highlightWomen
615,1942,highlightWomen
616,1941,isHiring
617,1940,highlightWomen
618,1939,highlightWomen
619,1935,isHiring
620,1934,isHiring
621,1932,isHiring
622,1930,nonprofit
623,1929,highlightWomen
624,1924,highlightWomen
625,1923,isHiring
626,1922,isHiring
627,1917,isHiring
628,1916,isHiring
629,1914,highlightBlack
630,1914,highlightLatinx
631,1914,isHiring
632,1910,isHiring
633,1907,isHiring
634,1893,isHiring
635,1892,highlightWomen
636,1892,isHiring
637,1891,isHiring
638,1889,highlightLatinx
639,1889,isHiring
640,2013,highlightLatinx
641,2016,highlightLatinx
642,1952,highlightWomen
643,1928,highlightWomen
644,1926,highlightWomen
645,1894,highlightBlack
646,1894,highlightWomen
647,1890,highlightWomen
648,12064,topCompany
649,12064,highlightWomen
650,12064,isHiring
651,12237,topCompany
652,12237,highlightLatinx
653,2019,highlightWomen
654,2019,isHiring
655,12393,isHiring
656,12374,highlightBlack
657,12371,highlightWomen
658,12356,isHiring
659,12352,highlightWomen
660,12325,highlightBlack
661,12300,isHiring
662,12297,highlightWomen
663,12287,isHiring
664,12286,highlightBlack
665,12286,highlightWomen
666,12283,highlightBlack
667,12283,highlightLatinx
668,12283,isHiring
669,12282,highlightBlack
670,12282,highlightLatinx
671,12282,highlightWomen
672,12279,highlightLatinx
673,12278,highlightBlack
674,12274,isHiring
675,12272,nonprofit
676,12264,highlightLatinx
677,12262,highlightLatinx
678,12261,highlightLatinx
679,12257,isHiring
680,12251,highlightLatinx
681,12250,highlightWomen
682,12249,highlightBlack
683,12248,highlightBlack
684,12246,highlightLatinx
685,12244,highlightLatinx
686,12236,highlightBlack
687,12210,highlightLatinx
688,12119,isHiring
689,12096,highlightBlack
690,12095,nonprofit
691,12094,nonprofit
692,12094,highlightLatinx
693,12092,isHiring
694,12088,isHiring
695,12085,isHiring
696,12084,isHiring
697,12083,isHiring
698,12080,highlightLatinx
699,12074,highlightLatinx
700,12067,isHiring
701,12065,isHiring
702,12063,highlightBlack
703,12063,highlightLatinx
704,12063,highlightWomen
705,12062,highlightBlack
706,12057,highlightWomen
707,12057,isHiring
708,12053,highlightWomen
709,12053,isHiring
710,12046,highlightWomen
711,12042,isHiring
712,12036,isHiring
713,12035,isHiring
714,12032,highlightLatinx
715,12032,isHiring
716,12005,highlightWomen
717,12003,highlightWomen
718,11995,isHiring
719,11994,isHiring
720,11993,highlightBlack
721,11991,isHiring
722,11988,highlightBlack
723,11986,highlightWomen
724,11984,highlightLatinx
725,11984,isHiring
726,11983,isHiring
727,11975,isHiring
728,11974,isHiring
729,11969,isHiring
730,11967,isHiring
731,11963,highlightWomen
732,11962,highlightWomen
733,11961,highlightLatinx
734,11961,isHiring
735,11948,isHiring
736,11944,highlightBlack
737,11944,highlightLatinx
738,11944,highlightWomen
739,11943,highlightLatinx
740,11943,highlightWomen
741,11943,isHiring
742,11941,highlightWomen
743,11940,isHiring
744,11936,highlightLatinx
745,11936,isHiring
746,11935,highlightWomen
747,11932,highlightWomen
748,11932,isHiring
749,11924,isHiring
750,1898,highlightWomen
751,12366,highlightWomen
752,12271,highlightWomen
753,12241,highlightWomen
754,12038,highlightBlack
755,11966,highlightBlack
756,11937,highlightWomen
757,11931,highlightWomen
758,11928,highlightBlack
759,12415,highlightWomen
760,12284,highlightLatinx
761,12277,highlightWomen
762,12265,highlightBlack
763,12252,highlightBlack
764,12079,highlightLatinx
765,12073,highlightBlack
766,12072,highlightWomen
767,12068,highlightWomen
768,11990,highlightWomen
769,11949,highlightWomen
770,12565,topCompany
771,12565,isHiring
772,22571,isHiring
773,12897,highlightLatinx
774,12877,highlightLatinx
775,12876,isHiring
776,12875,highlightLatinx
777,12875,highlightWomen
778,12867,isHiring
779,12863,isHiring
780,12862,highlightLatinx
781,12862,isHiring
782,12860,isHiring
783,12856,highlightLatinx
784,12855,highlightBlack
785,12855,highlightLatinx
786,12855,highlightWomen
787,12855,isHiring
788,12854,highlightLatinx
789,12851,highlightBlack
790,12847,highlightLatinx
791,12846,highlightWomen
792,12845,isHiring
793,12842,highlightBlack
794,12842,highlightLatinx
795,12842,isHiring
796,12841,highlightLatinx
797,12839,highlightLatinx
798,12838,isHiring
799,12837,nonprofit
800,12837,highlightWomen
801,12834,highlightLatinx
802,12821,isHiring
803,12797,isHiring
804,12768,highlightBlack
805,12768,highlightWomen
806,12768,isHiring
807,12760,isHiring
808,12738,isHiring
809,12711,highlightWomen
810,12711,isHiring
811,12705,highlightWomen
812,12682,isHiring
813,12674,highlightLatinx
814,12666,highlightWomen
815,12662,isHiring
816,12661,isHiring
817,12660,highlightWomen
818,12660,isHiring
819,12659,highlightWomen
820,12653,highlightWomen
821,12648,highlightWomen
822,12648,isHiring
823,12647,highlightWomen
824,12645,highlightWomen
825,12643,isHiring
826,12642,highlightWomen
827,12641,highlightWomen
828,12639,isHiring
829,12632,highlightLatinx
830,12626,highlightWomen
831,12626,isHiring
832,12625,isHiring
833,12623,highlightWomen
834,12622,isHiring
835,12618,highlightWomen
836,12614,highlightWomen
837,12612,isHiring
838,12608,highlightLatinx
839,12608,isHiring
840,12585,highlightWomen
841,12582,highlightWomen
842,12582,isHiring
843,12578,highlightLatinx
844,12578,highlightWomen
845,12575,highlightWomen
846,12574,highlightBlack
847,12572,highlightWomen
848,12572,isHiring
849,12564,highlightWomen
850,12555,highlightLatinx
851,12554,isHiring
852,12550,highlightWomen
853,12550,isHiring
854,12549,isHiring
855,12548,isHiring
856,12546,highlightBlack
857,12545,highlightLatinx
858,12545,isHiring
859,12536,isHiring
860,12532,highlightWomen
861,12532,isHiring
862,12531,highlightWomen
863,12507,isHiring
864,12240,highlightLatinx
865,12240,highlightWomen
866,12240,isHiring
867,12129,highlightWomen
868,12076,highlightWomen
869,12008,isHiring
870,12710,highlightWomen
871,12599,highlightWomen
872,12580,highlightWomen
873,12530,highlightLatinx
874,1880,highlightWomen
875,12890,highlightWomen
876,12868,highlightLatinx
877,12853,highlightLatinx
878,12849,highlightLatinx
879,12844,highlightLatinx
880,12656,highlightWomen
881,12624,highlightWomen
882,12461,highlightLatinx
883,12453,highlightBlack
884,13208,topCompany
885,13208,isHiring
886,13642,isHiring
887,13610,highlightLatinx
888,13610,isHiring
889,13579,isHiring
890,13573,highlightWomen
891,13570,highlightWomen
892,13557,highlightBlack
893,13548,highlightBlack
894,13532,highlightWomen
895,13532,isHiring
896,13524,highlightBlack
897,13523,highlightLatinx
898,13523,isHiring
899,13520,highlightWomen
900,13520,isHiring
901,13519,isHiring
902,13516,highlightBlack
903,13512,highlightWomen
904,13512,isHiring
905,13508,highlightLatinx
906,13506,isHiring
907,13505,highlightBlack
908,13505,isHiring
909,13500,highlightLatinx
910,13499,highlightBlack
911,13498,highlightLatinx
912,13498,isHiring
913,13497,highlightLatinx
914,13495,highlightLatinx
915,13488,highlightLatinx
916,13485,highlightBlack
917,13485,highlightWomen
918,13482,highlightBlack
919,13477,highlightBlack
920,13472,highlightWomen
921,13471,highlightLatinx
922,13442,highlightLatinx
923,13442,highlightWomen
924,13434,nonprofit
925,13434,highlightBlack
926,13434,highlightWomen
927,13415,isHiring
928,13412,highlightWomen
929,13351,isHiring
930,13344,highlightWomen
931,13322,isHiring
932,13321,isHiring
933,13316,isHiring
934,13311,isHiring
935,13309,isHiring
936,13290,isHiring
937,13265,highlightWomen
938,13265,isHiring
939,13242,isHiring
940,13240,highlightBlack
941,13240,isHiring
942,13239,isHiring
943,13227,highlightLatinx
944,13224,highlightWomen
945,13218,isHiring
946,13215,isHiring
947,13213,highlightWomen
948,13211,isHiring
949,13207,highlightLatinx
950,13176,highlightWomen
951,13174,highlightBlack
952,13170,highlightWomen
953,13170,isHiring
954,13169,highlightBlack
955,13169,isHiring
956,13168,highlightWomen
957,13168,isHiring
958,13164,highlightBlack
959,13164,highlightWomen
960,13151,highlightLatinx
961,13151,highlightWomen
962,13149,isHiring
963,13147,isHiring
964,13145,isHiring
965,13141,isHiring
966,13122,highlightWomen
967,13122,isHiring
968,13121,isHiring
969,13119,highlightWomen
970,13119,isHiring
971,13115,isHiring
972,13105,isHiring
973,13104,isHiring
974,13102,isHiring
975,13101,highlightWomen
976,13099,isHiring
977,13098,highlightLatinx
978,13098,isHiring
979,13097,highlightWomen
980,13097,isHiring
981,13085,isHiring
982,13084,highlightWomen
983,13083,highlightLatinx
984,13072,highlightBlack
985,13067,highlightBlack
986,13067,isHiring
987,13058,isHiring
988,12950,isHiring
989,12871,isHiring
990,12831,highlightBlack
991,12831,highlightLatinx
992,12726,isHiring
993,12724,highlightWomen
994,12638,highlightWomen
995,12638,isHiring
996,12581,highlightWomen
997,13507,highlightBlack
998,13503,highlightLatinx
999,13484,highlightLatinx
1000,13475,highlightLatinx
1001,13341,highlightWomen
1002,13238,highlightWomen
1003,13219,highlightWomen
1004,13157,highlightWomen
1005,13156,highlightWomen
1006,13075,highlightLatinx
1007,13526,highlightWomen
1008,13496,highlightLatinx
1009,13486,highlightLatinx
1010,13480,highlightLatinx
1011,13473,highlightLatinx
1012,13406,highlightWomen
1013,13405,highlightWomen
1014,13223,highlightBlack
1015,13223,highlightWomen
1016,13206,highlightWomen
1017,13200,highlightWomen
1018,13199,highlightWomen
1019,13195,highlightWomen
1020,13178,highlightBlack
1021,13171,highlightBlack
1022,13161,highlightLatinx
1023,13148,highlightWomen
1024,13114,highlightWomen
1025,13113,highlightWomen
1026,13086,highlightWomen
1027,13061,highlightWomen
1028,22111,topCompany
1029,22353,highlightBlack
1030,22353,highlightWomen
1031,22327,isHiring
1032,22323,highlightBlack
1033,22323,highlightWomen
1034,22322,highlightBlack
1035,22322,highlightLatinx
1036,22319,isHiring
1037,22305,highlightWomen
1038,22303,highlightBlack
1039,22303,highlightLatinx
1040,22294,highlightLatinx
1041,22278,highlightLatinx
1042,22278,isHiring
1043,22277,isHiring
1044,22273,isHiring
1045,22272,isHiring
1046,22267,highlightLatinx
1047,22266,highlightWomen
1048,22266,isHiring
1049,22257,isHiring
1050,22247,isHiring
1051,22246,isHiring
1052,22241,highlightWomen
1053,22218,isHiring
1054,22206,highlightWomen
1055,22206,isHiring
1056,22184,isHiring
1057,22174,highlightBlack
1058,22174,isHiring
1059,22152,highlightBlack
1060,22152,isHiring
1061,22148,isHiring
1062,22141,isHiring
1063,22131,isHiring
1064,22126,isHiring
1065,22124,isHiring
1066,22108,isHiring
1067,22092,highlightWomen
1068,22084,highlightWomen
1069,22084,isHiring
1070,22083,highlightLatinx
1071,22083,highlightWomen
1072,22078,highlightWomen
1073,22077,isHiring
1074,22075,highlightLatinx
1075,22062,isHiring
1076,22053,isHiring
1077,22050,isHiring
1078,22044,highlightWomen
1079,22043,isHiring
1080,22026,highlightLatinx
1081,22026,highlightWomen
1082,22008,isHiring
1083,22004,highlightLatinx
1084,22004,highlightWomen
1085,22004,isHiring
1086,22002,highlightWomen
1087,21992,highlightWomen
1088,21992,isHiring
1089,21986,highlightBlack
1090,21986,isHiring
1091,21969,highlightWomen
1092,21969,isHiring
1093,21963,highlightLatinx
1094,21962,highlightLatinx
1095,21947,highlightLatinx
1096,21930,highlightWomen
1097,21916,highlightBlack
1098,21915,isHiring
1099,21914,isHiring
1100,21906,highlightWomen
1101,21903,isHiring
1102,21902,highlightLatinx
1103,21902,isHiring
1104,21897,highlightWomen
1105,21896,highlightLatinx
1106,21894,isHiring
1107,21885,isHiring
1108,21882,isHiring
1109,21862,isHiring
1110,21860,highlightWomen
1111,21860,isHiring
1112,21857,isHiring
1113,21848,highlightLatinx
1114,21847,isHiring
1115,21831,isHiring
1116,21828,isHiring
1117,21816,isHiring
1118,21812,isHiring
1119,21800,highlightWomen
1120,21800,isHiring
1121,21799,highlightLatinx
1122,21799,isHiring
1123,21795,isHiring
1124,21794,isHiring
1125,21791,highlightWomen
1126,21791,isHiring
1127,21790,isHiring
1128,21788,isHiring
1129,21787,isHiring
1130,21784,highlightWomen
1131,21782,isHiring
1132,21772,isHiring
1133,21770,isHiring
1134,21769,isHiring
1135,21767,isHiring
1136,21766,isHiring
1137,21720,isHiring
1138,19888,highlightBlack
1139,13413,highlightWomen
1140,13413,isHiring
1141,13330,isHiring
1142,13230,highlightBlack
1143,13091,isHiring
1144,13089,isHiring
1145,22250,highlightLatinx
1146,22238,highlightLatinx
1147,21997,highlightWomen
1148,21996,highlightLatinx
1149,21852,highlightWomen
1150,21789,highlightBlack
1151,21737,highlightWomen
1152,19925,highlightWomen
1153,22205,highlightWomen
1154,21984,highlightLatinx
1155,21895,highlightWomen
1156,21805,highlightWomen
1157,13173,highlightWomen
1158,23202,topCompany
1159,22721,topCompany
1160,23661,highlightLatinx
1161,23645,highlightBlack
1162,23642,highlightLatinx
1163,23640,highlightBlack
1164,23636,highlightWomen
1165,23633,highlightWomen
1166,23630,highlightWomen
1167,23613,highlightWomen
1168,23612,isHiring
1169,23599,isHiring
1170,23598,isHiring
1171,23568,highlightLatinx
1172,23555,isHiring
1173,23550,highlightWomen
1174,23541,highlightLatinx
1175,23539,isHiring
1176,23530,isHiring
1177,23522,highlightWomen
1178,23472,isHiring
1179,23460,highlightLatinx
1180,23459,isHiring
1181,23458,highlightBlack
1182,23443,highlightBlack
1183,23434,highlightLatinx
1184,23433,highlightLatinx
1185,23432,highlightLatinx
1186,23432,isHiring
1187,23431,isHiring
1188,23430,highlightLatinx
1189,23429,nonprofit
1190,23429,highlightLatinx
1191,23429,highlightWomen
1192,23421,highlightWomen
1193,23414,highlightLatinx
1194,23398,highlightBlack
1195,23398,isHiring
1196,23389,isHiring
1197,23371,isHiring
1198,23369,isHiring
1199,23368,highlightLatinx
1200,23368,isHiring
1201,23366,highlightLatinx
1202,23357,highlightLatinx
1203,23355,isHiring
1204,23317,highlightWomen
1205,23317,isHiring
1206,23316,highlightWomen
1207,23302,highlightBlack
1208,23301,highlightBlack
1209,23301,highlightLatinx
1210,23301,isHiring
1211,23292,highlightLatinx
1212,23277,highlightLatinx
1213,23271,highlightWomen
1214,23268,highlightWomen
1215,23268,isHiring
1216,23266,highlightLatinx
1217,23265,highlightBlack
1218,23261,highlightLatinx
1219,23261,highlightWomen
1220,23260,highlightLatinx
1221,23260,highlightWomen
1222,23259,isHiring
1223,23240,highlightLatinx
1224,23238,highlightLatinx
1225,23236,isHiring
1226,23226,isHiring
1227,23220,highlightWomen
1228,23200,isHiring
1229,23193,highlightWomen
1230,23193,isHiring
1231,23191,highlightWomen
1232,23191,isHiring
1233,23175,isHiring
1234,23162,isHiring
1235,23139,highlightLatinx
1236,23139,highlightWomen
1237,23139,isHiring
1238,23128,highlightLatinx
1239,23128,highlightWomen
1240,23127,isHiring
1241,23121,isHiring
1242,23105,isHiring
1243,23085,highlightLatinx
1244,23064,highlightLatinx
1245,23064,isHiring
1246,23042,highlightLatinx
1247,23041,highlightLatinx
1248,23038,isHiring
1249,23036,isHiring
1250,23017,highlightLatinx
1251,23017,isHiring
1252,22997,isHiring
1253,22996,isHiring
1254,22995,highlightBlack
1255,22991,highlightWomen
1256,22991,isHiring
1257,22989,highlightWomen
1258,22987,highlightWomen
1259,22983,isHiring
1260,22970,highlightWomen
1261,22958,isHiring
1262,22957,highlightBlack
1263,22953,isHiring
1264,22947,isHiring
1265,22906,highlightBlack
1266,22906,highlightWomen
1267,22906,isHiring
1268,22889,isHiring
1269,22887,highlightLatinx
1270,22887,isHiring
1271,22885,isHiring
1272,22884,isHiring
1273,22879,isHiring
1274,22878,isHiring
1275,22869,highlightLatinx
1276,22869,highlightWomen
1277,22866,highlightWomen
1278,22866,isHiring
1279,22861,isHiring
1280,22857,highlightLatinx
1281,22856,isHiring
1282,22850,isHiring
1283,22844,highlightWomen
1284,22844,isHiring
1285,22843,highlightWomen
1286,22841,highlightLatinx
1287,22841,isHiring
1288,22836,highlightLatinx
1289,22835,isHiring
1290,22834,highlightWomen
1291,22831,isHiring
1292,22829,highlightWomen
1293,22829,isHiring
1294,22827,isHiring
1295,22823,isHiring
1296,22806,isHiring
1297,22796,isHiring
1298,22782,highlightLatinx
1299,22781,isHiring
1300,22780,highlightLatinx
1301,22780,isHiring
1302,22779,isHiring
1303,22778,highlightBlack
1304,22778,highlightLatinx
1305,22777,highlightLatinx
1306,22777,isHiring
1307,22776,highlightLatinx
1308,22776,highlightWomen
1309,22771,isHiring
1310,22751,highlightLatinx
1311,22751,highlightWomen
1312,22751,isHiring
1313,22744,highlightLatinx
1314,22744,isHiring
1315,22738,highlightWomen
1316,22722,isHiring
1317,22720,isHiring
1318,22719,isHiring
1319,22713,isHiring
1320,22711,highlightBlack
1321,22711,isHiring
1322,22702,highlightBlack
1323,22701,highlightWomen
1324,22699,highlightLatinx
1325,22699,highlightWomen
1326,22699,isHiring
1327,22693,highlightWomen
1328,22677,isHiring
1329,22676,highlightLatinx
1330,22676,highlightWomen
1331,22676,isHiring
1332,22674,isHiring
1333,22671,isHiring
1334,22670,highlightLatinx
1335,22670,highlightWomen
1336,22668,highlightLatinx
1337,22667,isHiring
1338,22666,highlightWomen
1339,22665,highlightLatinx
1340,22663,highlightWomen
1341,22663,isHiring
1342,22661,highlightWomen
1343,22660,isHiring
1344,22658,highlightLatinx
1345,22658,highlightWomen
1346,22656,isHiring
1347,22638,isHiring
1348,22627,isHiring
1349,22624,highlightWomen
1350,22618,highlightWomen
1351,22617,highlightWomen
1352,22608,highlightLatinx
1353,22591,highlightLatinx
1354,22591,highlightWomen
1355,22581,highlightLatinx
1356,22581,isHiring
1357,22470,nonprofit
1358,22470,highlightBlack
1359,22470,highlightWomen
1360,23423,highlightLatinx
1361,23415,highlightWomen
1362,23239,highlightLatinx
1363,23229,highlightBlack
1364,23167,highlightWomen
1365,23037,highlightBlack
1366,22883,highlightWomen
1367,22830,highlightWomen
1368,22752,highlightBlack
1369,22750,highlightBlack
1370,22714,highlightWomen
1371,22695,highlightWomen
1372,23462,highlightLatinx
1373,23400,highlightWomen
1374,23304,highlightLatinx
1375,23278,highlightLatinx
1376,23065,highlightLatinx
1377,22948,highlightLatinx
1378,22775,highlightWomen
1379,22755,highlightBlack
1380,22712,highlightBlack
1381,22712,highlightLatinx
1382,22696,highlightLatinx
1383,22675,highlightWomen
1384,22600,highlightWomen
1385,22565,highlightLatinx
1386,24934,highlightLatinx
1387,24934,isHiring
1388,24925,highlightWomen
1389,24915,highlightBlack
1390,24914,highlightBlack
1391,24913,highlightWomen
1392,24913,isHiring
1393,24907,highlightLatinx
1394,24907,highlightWomen
1395,24893,isHiring
1396,24892,highlightBlack
1397,24884,highlightLatinx
1398,24882,highlightLatinx
1399,24879,isHiring
1400,24876,isHiring
1401,24875,highlightWomen
1402,24874,isHiring
1403,24873,isHiring
1404,24871,highlightLatinx
1405,24865,isHiring
1406,24861,highlightWomen
1407,24861,isHiring
1408,24846,highlightLatinx
1409,24846,highlightWomen
1410,24842,isHiring
1411,24841,highlightWomen
1412,24841,isHiring
1413,24831,highlightWomen
1414,24822,highlightWomen
1415,24822,isHiring
1416,24821,highlightBlack
1417,24821,isHiring
1418,24820,highlightBlack
1419,24820,isHiring
1420,24819,highlightWomen
1421,24818,highlightBlack
1422,24818,isHiring
1423,24817,highlightBlack
1424,24795,highlightWomen
1425,24787,isHiring
1426,24774,isHiring
1427,24773,isHiring
1428,24760,highlightBlack
1429,24756,isHiring
1430,24746,isHiring
1431,24727,highlightWomen
1432,24727,isHiring
1433,24726,highlightWomen
1434,24725,highlightLatinx
1435,24720,isHiring
1436,24701,isHiring
1437,24686,highlightBlack
1438,24681,highlightLatinx
1439,24669,highlightWomen
1440,24666,highlightLatinx
1441,24653,highlightWomen
1442,24649,highlightWomen
1443,24640,highlightLatinx
1444,24638,highlightWomen
1445,24629,highlightLatinx
1446,24628,highlightLatinx
1447,24628,highlightWomen
1448,24627,highlightBlack
1449,24624,highlightLatinx
1450,24616,isHiring
1451,24615,isHiring
1452,24603,highlightLatinx
1453,24603,isHiring
1454,24602,isHiring
1455,24599,highlightWomen
1456,24596,isHiring
1457,24590,highlightLatinx
1458,24587,isHiring
1459,24586,highlightWomen
1460,24573,highlightWomen
1461,24571,highlightLatinx
1462,24571,highlightWomen
1463,24571,isHiring
1464,24569,highlightWomen
1465,24563,highlightWomen
1466,24558,highlightWomen
1467,24558,isHiring
1468,24557,isHiring
1469,24556,isHiring
1470,24555,highlightLatinx
1471,24555,isHiring
1472,24551,isHiring
1473,24550,highlightLatinx
1474,24549,highlightLatinx
1475,24543,isHiring
1476,24539,isHiring
1477,24538,isHiring
1478,24531,isHiring
1479,24528,highlightWomen
1480,24526,isHiring
1481,24509,highlightLatinx
1482,24509,isHiring
1483,24508,isHiring
1484,24506,highlightWomen
1485,24489,isHiring
1486,24488,isHiring
1487,24485,highlightLatinx
1488,24484,highlightBlack
1489,24484,highlightWomen
1490,24479,highlightBlack
1491,24479,highlightWomen
1492,24477,highlightLatinx
1493,24477,highlightWomen
1494,24476,isHiring
1495,24475,highlightWomen
1496,24466,highlightWomen
1497,24461,highlightBlack
1498,24461,isHiring
1499,24459,highlightLatinx
1500,24446,isHiring
1501,24445,highlightBlack
1502,24443,isHiring
1503,24429,highlightLatinx
1504,24429,highlightWomen
1505,24428,highlightLatinx
1506,24428,isHiring
1507,24424,highlightLatinx
1508,24422,highlightLatinx
1509,24415,highlightLatinx
1510,24414,highlightLatinx
1511,24406,highlightWomen
1512,24406,isHiring
1513,24404,highlightWomen
1514,24404,isHiring
1515,24391,isHiring
1516,24390,isHiring
1517,24384,isHiring
1518,24382,highlightWomen
1519,24381,highlightWomen
1520,24381,isHiring
1521,24379,isHiring
1522,24378,highlightLatinx
1523,24374,isHiring
1524,24373,highlightBlack
1525,24373,highlightWomen
1526,24372,highlightBlack
1527,24368,highlightBlack
1528,24367,isHiring
1529,24355,highlightLatinx
1530,24355,isHiring
1531,24347,isHiring
1532,24346,highlightWomen
1533,24329,isHiring
1534,24303,highlightLatinx
1535,24292,highlightBlack
1536,24292,highlightLatinx
1537,24291,highlightLatinx
1538,24291,highlightWomen
1539,24291,isHiring
1540,24282,isHiring
1541,24280,highlightLatinx
1542,24271,highlightLatinx
1543,24270,highlightWomen
1544,24269,highlightLatinx
1545,24264,highlightLatinx
1546,24264,highlightWomen
1547,24260,highlightWomen
1548,24258,isHiring
1549,24256,highlightLatinx
1550,24254,highlightLatinx
1551,24253,highlightLatinx
1552,24252,isHiring
1553,24251,highlightBlack
1554,24251,highlightLatinx
1555,24248,highlightLatinx
1556,24248,highlightWomen
1557,24244,isHiring
1558,24243,isHiring
1559,24241,highlightWomen
1560,24241,isHiring
1561,24230,highlightLatinx
1562,24199,isHiring
1563,24198,isHiring
1564,24197,highlightLatinx
1565,24195,isHiring
1566,24192,isHiring
1567,24191,isHiring
1568,24188,isHiring
1569,24181,isHiring
1570,24170,highlightWomen
1571,24169,highlightLatinx
1572,24168,highlightLatinx
1573,24166,highlightWomen
1574,24166,isHiring
1575,24162,highlightLatinx
1576,24161,isHiring
1577,24160,highlightBlack
1578,24160,isHiring
1579,24159,isHiring
1580,24158,highlightLatinx
1581,24158,isHiring
1582,24153,highlightLatinx
1583,24152,highlightLatinx
1584,24151,highlightWomen
1585,24151,isHiring
1586,24150,isHiring
1587,24149,highlightBlack
1588,24149,highlightWomen
1589,24141,isHiring
1590,24139,highlightWomen
1591,24138,isHiring
1592,24132,isHiring
1593,24131,isHiring
1594,24095,isHiring
1595,24094,isHiring
1596,24093,isHiring
1597,24086,highlightWomen
1598,24083,isHiring
1599,24082,highlightWomen
1600,24081,highlightWomen
1601,24080,highlightLatinx
1602,24079,highlightLatinx
1603,24065,highlightWomen
1604,24065,isHiring
1605,24064,highlightBlack
1606,24064,highlightWomen
1607,24064,isHiring
1608,24059,highlightWomen
1609,24049,isHiring
1610,24045,highlightWomen
1611,24045,isHiring
1612,24042,highlightWomen
1613,24041,isHiring
1614,24039,isHiring
1615,24037,highlightWomen
1616,24037,isHiring
1617,24034,highlightWomen
1618,24008,highlightLatinx
1619,24006,isHiring
1620,23988,highlightLatinx
1621,23986,highlightBlack
1622,23979,isHiring
1623,23978,isHiring
1624,23977,highlightWomen
1625,23973,highlightLatinx
1626,23969,isHiring
1627,23967,isHiring
1628,23958,highlightLatinx
1629,23956,highlightLatinx
1630,23956,highlightWomen
1631,23955,isHiring
1632,23953,highlightWomen
1633,23953,isHiring
1634,23952,highlightLatinx
1635,23947,isHiring
1636,23946,isHiring
1637,23945,highlightWomen
1638,23944,isHiring
1639,23884,highlightLatinx
1640,23884,highlightWomen
1641,23862,highlightLatinx
1642,23860,isHiring
1643,23845,highlightBlack
1644,23845,highlightWomen
1645,23845,isHiring
1646,23832,highlightWomen
1647,23832,isHiring
1648,23817,highlightWomen
1649,23796,highlightLatinx
1650,23796,highlightWomen
1651,23796,isHiring
1652,23783,highlightWomen
1653,23781,highlightBlack
1654,23781,highlightLatinx
1655,23780,isHiring
1656,23776,highlightLatinx
1657,23120,highlightLatinx
1658,23120,isHiring
1659,22694,isHiring
1660,24845,nonprofit
1661,24845,highlightWomen
1662,24369,highlightWomen
1663,24237,highlightLatinx
1664,24136,highlightWomen
1665,23974,highlightWomen
1666,24839,highlightWomen
1667,24823,highlightLatinx
1668,24762,highlightLatinx
1669,24692,highlightWomen
1670,24498,highlightLatinx
1671,24460,highlightWomen
1672,24383,highlightWomen
1673,24380,highlightLatinx
1674,24370,highlightLatinx
1675,24370,highlightWomen
1676,24339,highlightWomen
1677,24255,highlightLatinx
1678,24255,highlightWomen
1679,24185,highlightWomen
1680,23970,highlightLatinx
1681,23861,highlightLatinx
1682,23831,highlightBlack
1683,26296,isHiring
1684,26290,highlightLatinx
1685,26265,isHiring
1686,26254,isHiring
1687,26210,highlightLatinx
1688,26210,highlightWomen
1689,26190,highlightLatinx
1690,26190,isHiring
1691,26183,highlightLatinx
1692,26163,highlightWomen
1693,26147,isHiring
1694,26144,isHiring
1695,26137,highlightWomen
1696,26134,highlightWomen
1697,26125,highlightBlack
1698,26125,isHiring
1699,26122,highlightWomen
1700,26118,highlightWomen
1701,26109,highlightWomen
1702,26108,highlightWomen
1703,26108,isHiring
1704,26072,highlightWomen
1705,26066,highlightLatinx
1706,26050,highlightWomen
1707,26050,isHiring
1708,26043,highlightWomen
1709,26042,highlightBlack
1710,26041,highlightWomen
1711,26035,nonprofit
1712,26035,isHiring
1713,26034,isHiring
1714,26032,highlightWomen
1715,26032,isHiring
1716,26021,highlightWomen
1717,26021,isHiring
1718,26020,nonprofit
1719,26016,highlightWomen
1720,26015,highlightBlack
1721,26004,highlightLatinx
1722,26004,highlightWomen
1723,25995,isHiring
1724,25992,highlightLatinx
1725,25991,highlightLatinx
1726,25986,highlightWomen
1727,25985,highlightWomen
1728,25984,isHiring
1729,25983,highlightLatinx
1730,25983,highlightWomen
1731,25981,highlightLatinx
1732,25981,highlightWomen
1733,25981,isHiring
1734,25978,isHiring
1735,25977,highlightWomen
1736,25976,highlightLatinx
1737,25975,highlightLatinx
1738,25975,isHiring
1739,25974,highlightWomen
1740,25973,highlightLatinx
1741,25973,isHiring
1742,25969,isHiring
1743,25965,highlightLatinx
1744,25960,highlightLatinx
1745,25960,highlightWomen
1746,25959,highlightLatinx
1747,25954,highlightBlack
1748,25954,highlightWomen
1749,25951,highlightWomen
1750,25946,isHiring
1751,25937,highlightLatinx
1752,25935,highlightBlack
1753,25935,isHiring
1754,25929,highlightWomen
1755,25928,isHiring
1756,25921,highlightBlack
1757,25918,isHiring
1758,25915,isHiring
1759,25914,highlightLatinx
1760,25907,isHiring
1761,25876,highlightWomen
1762,25870,highlightWomen
1763,25865,isHiring
1764,25864,highlightWomen
1765,25849,highlightWomen
1766,25849,isHiring
1767,25835,isHiring
1768,25831,isHiring
1769,25827,highlightLatinx
1770,25820,isHiring
1771,25810,isHiring
1772,25778,isHiring
1773,25777,highlightLatinx
1774,25776,highlightBlack
1775,25763,isHiring
1776,25758,highlightBlack
1777,25756,isHiring
1778,25755,highlightBlack
1779,25752,highlightBlack
1780,25745,highlightWomen
1781,25743,highlightLatinx
1782,25738,isHiring
1783,25737,highlightWomen
1784,25732,isHiring
1785,25728,highlightBlack
1786,25728,isHiring
1787,25727,highlightBlack
1788,25726,highlightBlack
1789,25724,highlightLatinx
1790,25721,highlightBlack
1791,25721,highlightWomen
1792,25720,highlightBlack
1793,25717,highlightBlack
1794,25716,highlightBlack
1795,25716,highlightWomen
1796,25714,isHiring
1797,25713,highlightBlack
1798,25700,highlightWomen
1799,25700,isHiring
1800,25699,highlightWomen
1801,25697,highlightBlack
1802,25697,isHiring
1803,25696,isHiring
1804,25692,isHiring
1805,25691,isHiring
1806,25689,isHiring
1807,25685,highlightBlack
1808,25684,highlightBlack
1809,25684,isHiring
1810,25682,highlightWomen
1811,25678,highlightLatinx
1812,25677,isHiring
1813,25674,highlightWomen
1814,25674,isHiring
1815,25672,isHiring
1816,25670,highlightBlack
1817,25665,highlightLatinx
1818,25663,isHiring
1819,25662,highlightLatinx
1820,25660,highlightLatinx
1821,25659,highlightLatinx
1822,25658,highlightBlack
1823,25657,highlightWomen
1824,25657,isHiring
1825,25654,isHiring
1826,25652,highlightWomen
1827,25650,isHiring
1828,25649,highlightBlack
1829,25647,isHiring
1830,25643,highlightWomen
1831,25643,isHiring
1832,25635,isHiring
1833,25620,highlightLatinx
1834,25620,isHiring
1835,25618,isHiring
1836,25615,isHiring
1837,25608,isHiring
1838,25607,highlightLatinx
1839,25606,highlightLatinx
1840,25606,isHiring
1841,25603,isHiring
1842,25593,highlightLatinx
1843,25592,highlightWomen
1844,25590,isHiring
1845,25586,highlightLatinx
1846,25584,highlightBlack
1847,25584,highlightLatinx
1848,25575,isHiring
1849,25571,highlightWomen
1850,25559,highlightLatinx
1851,25558,highlightLatinx
1852,25557,highlightLatinx
1853,25557,highlightWomen
1854,25553,highlightLatinx
1855,25552,isHiring
1856,25543,isHiring
1857,25542,highlightWomen
1858,25541,highlightWomen
1859,25538,highlightLatinx
1860,25532,highlightWomen
1861,25531,highlightLatinx
1862,25529,highlightWomen
1863,25529,isHiring
1864,25528,highlightLatinx
1865,25527,highlightLatinx
1866,25513,highlightLatinx
1867,25512,highlightWomen
1868,25512,isHiring
1869,25486,highlightWomen
1870,25480,isHiring
1871,25476,highlightLatinx
1872,25476,isHiring
1873,25473,highlightLatinx
1874,25472,isHiring
1875,25449,highlightWomen
1876,25447,highlightBlack
1877,25446,highlightBlack
1878,25446,highlightLatinx
1879,25445,highlightBlack
1880,25444,highlightBlack
1881,25403,isHiring
1882,25402,highlightWomen
1883,25401,highlightLatinx
1884,25399,isHiring
1885,25398,isHiring
1886,25397,highlightWomen
1887,25395,highlightWomen
1888,25381,isHiring
1889,25363,isHiring
1890,25361,isHiring
1891,25357,highlightWomen
1892,25354,highlightWomen
1893,25351,highlightWomen
1894,25351,isHiring
1895,25350,highlightWomen
1896,25350,isHiring
1897,25349,highlightWomen
1898,25348,isHiring
1899,25342,highlightWomen
1900,25342,isHiring
1901,25340,isHiring
1902,25338,highlightWomen
1903,25333,isHiring
1904,25332,isHiring
1905,25331,highlightWomen
1906,25330,highlightLatinx
1907,25328,highlightLatinx
1908,25327,highlightLatinx
1909,25327,highlightWomen
1910,25327,isHiring
1911,25322,isHiring
1912,25317,isHiring
1913,25316,highlightLatinx
1914,25316,isHiring
1915,25315,highlightLatinx
1916,25313,highlightLatinx
1917,25308,highlightLatinx
1918,25307,isHiring
1919,25304,highlightLatinx
1920,25303,highlightBlack
1921,25303,highlightWomen
1922,25279,highlightBlack
1923,25275,isHiring
1924,25274,highlightBlack
1925,25273,highlightWomen
1926,25273,isHiring
1927,25272,isHiring
1928,25262,isHiring
1929,25174,isHiring
1930,25160,highlightBlack
1931,25160,highlightLatinx
1932,25120,highlightBlack
1933,25110,isHiring
1934,25106,isHiring
1935,25075,isHiring
1936,25061,isHiring
1937,25060,highlightWomen
1938,25058,highlightWomen
1939,25058,isHiring
1940,24352,isHiring
1941,24078,highlightWomen
1942,23954,isHiring
1943,26052,highlightLatinx
1944,25616,highlightLatinx
1945,26206,highlightLatinx
1946,25515,highlightWomen
1947,25404,highlightLatinx
1948,27361,isHiring
1949,27273,highlightBlack
1950,27269,highlightWomen
1951,27269,isHiring
1952,27267,highlightLatinx
1953,27267,highlightWomen
1954,27263,highlightWomen
1955,27260,isHiring
1956,27252,isHiring
1957,27250,isHiring
1958,27249,isHiring
1959,27248,highlightLatinx
1960,27248,highlightWomen
1961,27248,isHiring
1962,27221,highlightWomen
1963,27206,highlightWomen
1964,27206,isHiring
1965,27205,highlightLatinx
1966,27194,isHiring
1967,27191,isHiring
1968,27190,highlightWomen
1969,27185,highlightWomen
1970,27178,isHiring
1971,27177,highlightLatinx
1972,27176,highlightWomen
1973,27174,highlightWomen
1974,27174,isHiring
1975,27173,isHiring
1976,27168,highlightWomen
1977,27166,isHiring
1978,27164,isHiring
1979,27162,highlightWomen
1980,27162,isHiring
1981,27159,highlightWomen
1982,27158,highlightWomen
1983,27154,highlightLatinx
1984,27152,highlightLatinx
1985,27152,isHiring
1986,27151,highlightLatinx
1987,27150,highlightWomen
1988,27147,highlightBlack
1989,27143,highlightWomen
1990,27140,highlightLatinx
1991,27137,isHiring
1992,27124,highlightBlack
1993,27124,highlightWomen
1994,27109,isHiring
1995,27108,highlightBlack
1996,27097,highlightLatinx
1997,27097,isHiring
1998,27094,isHiring
1999,27092,highlightWomen
2000,27086,isHiring
2001,27055,isHiring
2002,27054,isHiring
2003,27051,isHiring
2004,27050,isHiring
2005,27049,highlightBlack
2006,27047,highlightLatinx
2007,27047,highlightWomen
2008,27045,highlightLatinx
2009,27037,isHiring
2010,26913,isHiring
2011,26907,highlightBlack
2012,26903,highlightBlack
2013,26883,isHiring
2014,26877,isHiring
2015,26871,isHiring
2016,26870,isHiring
2017,26869,highlightLatinx
2018,26863,isHiring
2019,26862,highlightLatinx
2020,26862,isHiring
2021,26860,isHiring
2022,26859,isHiring
2023,26850,highlightWomen
2024,26824,highlightLatinx
2025,26813,highlightBlack
2026,26813,highlightWomen
2027,26812,isHiring
2028,26810,highlightWomen
2029,26810,isHiring
2030,26809,highlightLatinx
2031,26809,highlightWomen
2032,26807,highlightLatinx
2033,26803,isHiring
2034,26800,isHiring
2035,26797,highlightLatinx
2036,26795,highlightWomen
2037,26794,isHiring
2038,26793,isHiring
2039,26781,isHiring
2040,26776,highlightLatinx
2041,26776,highlightWomen
2042,26770,highlightBlack
2043,26769,highlightWomen
2044,26768,highlightWomen
2045,26763,isHiring
2046,26754,highlightBlack
2047,26754,isHiring
2048,26742,isHiring
2049,26741,isHiring
2050,26737,highlightLatinx
2051,26736,highlightLatinx
2052,26735,highlightWomen
2053,26733,highlightLatinx
2054,26727,highlightBlack
2055,26725,highlightLatinx
2056,26720,isHiring
2057,26718,isHiring
2058,26717,highlightLatinx
2059,26713,highlightLatinx
2060,26713,highlightWomen
2061,26710,isHiring
2062,26709,highlightBlack
2063,26708,highlightLatinx
2064,26707,highlightLatinx
2065,26707,isHiring
2066,26705,isHiring
2067,26704,isHiring
2068,26690,highlightWomen
2069,26690,isHiring
2070,26673,highlightLatinx
2071,26670,isHiring
2072,26662,isHiring
2073,26661,isHiring
2074,26657,isHiring
2075,26525,isHiring
2076,26505,isHiring
2077,26501,isHiring
2078,26480,isHiring
2079,26476,highlightLatinx
2080,26413,highlightWomen
2081,26413,isHiring
2082,25267,highlightWomen
2083,25249,highlightBlack
2084,25249,highlightWomen
2085,25059,highlightBlack
2086,25059,highlightLatinx
2087,25059,isHiring
2088,27262,highlightBlack
2089,27262,highlightWomen
2090,27251,highlightBlack
2091,26780,highlightWomen
2092,26659,highlightLatinx
2093,28425,highlightWomen
2094,28417,isHiring
2095,28414,highlightLatinx
2096,28414,isHiring
2097,28413,highlightLatinx
2098,28412,isHiring
2099,28368,isHiring
2100,28367,highlightWomen
2101,28366,isHiring
2102,28303,isHiring
2103,28301,highlightWomen
2104,28218,isHiring
2105,28205,highlightWomen
2106,28183,highlightLatinx
2107,28175,highlightWomen
2108,28175,isHiring
2109,28160,isHiring
2110,28158,highlightWomen
2111,28131,isHiring
2112,28129,highlightWomen
2113,28127,isHiring
2114,28116,highlightLatinx
2115,28115,isHiring
2116,28111,highlightWomen
2117,28111,isHiring
2118,28103,isHiring
2119,28098,highlightLatinx
2120,28096,highlightLatinx
2121,28092,highlightWomen
2122,28092,isHiring
2123,28090,highlightLatinx
2124,28089,highlightBlack
2125,28088,highlightBlack
2126,28078,isHiring
2127,28077,isHiring
2128,28073,isHiring
2129,28072,highlightLatinx
2130,28070,isHiring
2131,28069,isHiring
2132,28048,highlightLatinx
2133,28045,isHiring
2134,28037,highlightWomen
2135,28037,isHiring
2136,28019,isHiring
2137,28008,isHiring
2138,28007,highlightLatinx
2139,28006,highlightWomen
2140,27989,highlightLatinx
2141,27987,highlightBlack
2142,27985,highlightBlack
2143,27985,highlightWomen
2144,27985,isHiring
2145,27984,isHiring
2146,27978,isHiring
2147,27969,highlightLatinx
2148,27969,highlightWomen
2149,27968,isHiring
2150,27966,highlightWomen
2151,27965,isHiring
2152,27961,isHiring
2153,27959,isHiring
2154,27957,highlightLatinx
2155,27957,isHiring
2156,27956,isHiring
2157,27953,highlightLatinx
2158,27951,highlightWomen
2159,27950,highlightWomen
2160,27949,isHiring
2161,27947,highlightWomen
2162,27943,isHiring
2163,27939,highlightWomen
2164,27938,highlightLatinx
2165,27936,isHiring
2166,27935,highlightWomen
2167,27928,highlightLatinx
2168,27926,highlightWomen
2169,27926,isHiring
2170,27925,isHiring
2171,27923,highlightWomen
2172,27922,highlightLatinx
2173,27915,highlightLatinx
2174,27907,isHiring
2175,27901,isHiring
2176,27896,isHiring
2177,27890,highlightWomen
2178,27882,highlightLatinx
2179,27881,highlightLatinx
2180,27878,highlightLatinx
2181,27876,highlightBlack
2182,27874,highlightLatinx
2183,27873,isHiring
2184,27871,isHiring
2185,27870,isHiring
2186,27862,highlightWomen
2187,27862,isHiring
2188,27857,highlightLatinx
2189,27855,highlightBlack
2190,27855,highlightLatinx
2191,27853,isHiring
2192,27846,highlightLatinx
2193,27843,isHiring
2194,27841,highlightBlack
2195,27837,isHiring
2196,27827,isHiring
2197,27824,isHiring
2198,27822,highlightLatinx
2199,27821,highlightWomen
2200,27818,highlightWomen
2201,27817,highlightWomen
2202,27817,isHiring
2203,27815,highlightLatinx
2204,27814,isHiring
2205,27813,isHiring
2206,27811,highlightBlack
2207,27811,highlightLatinx
2208,27811,isHiring
2209,27810,highlightWomen
2210,27808,isHiring
2211,27785,highlightLatinx
2212,27785,highlightWomen
2213,27774,highlightLatinx
2214,27766,highlightBlack
2215,27766,isHiring
2216,27763,highlightLatinx
2217,27762,highlightWomen
2218,27762,isHiring
2219,27740,isHiring
2220,27735,isHiring
2221,27734,highlightWomen
2222,27728,isHiring
2223,27714,highlightLatinx
2224,27714,isHiring
2225,27713,highlightWomen
2226,27713,isHiring
2227,27705,highlightLatinx
2228,27705,highlightWomen
2229,27702,highlightWomen
2230,27701,highlightWomen
2231,27700,isHiring
2232,27697,highlightBlack
2233,27697,highlightLatinx
2234,27697,isHiring
2235,27692,isHiring
2236,27691,highlightLatinx
2237,27690,isHiring
2238,27686,isHiring
2239,27684,highlightWomen
2240,27674,isHiring
2241,27673,isHiring
2242,27670,isHiring
2243,27667,highlightLatinx
2244,27667,isHiring
2245,27664,isHiring
2246,27655,isHiring
2247,27492,isHiring
2248,27491,isHiring
2249,27254,highlightWomen
2250,27254,isHiring
2251,26837,isHiring
2252,27945,highlightWomen
2253,27924,highlightWomen
2254,27823,highlightWomen
2255,27816,highlightWomen
2256,27424,highlightWomen
2257,29187,isHiring
2258,29162,highlightLatinx
2259,29162,highlightWomen
2260,29160,isHiring
2261,29158,highlightWomen
2262,29153,highlightLatinx
2263,29153,isHiring
2264,29150,isHiring
2265,29136,isHiring
2266,29134,highlightWomen
2267,29122,highlightBlack
2268,29121,highlightWomen
2269,29120,isHiring
2270,29119,highlightWomen
2271,29119,isHiring
2272,29118,highlightWomen
2273,29115,isHiring
2274,29113,highlightLatinx
2275,29113,highlightWomen
2276,29113,isHiring
2277,29108,isHiring
2278,29106,isHiring
2279,29104,isHiring
2280,29093,isHiring
2281,29092,highlightLatinx
2282,29092,isHiring
2283,29090,highlightWomen
2284,29090,isHiring
2285,29088,isHiring
2286,29086,highlightBlack
2287,29074,isHiring
2288,29073,highlightLatinx
2289,29071,highlightLatinx
2290,29071,highlightWomen
2291,29069,highlightLatinx
2292,29069,isHiring
2293,29053,highlightLatinx
2294,29053,isHiring
2295,29045,highlightLatinx
2296,29042,isHiring
2297,29041,isHiring
2298,29013,isHiring
2299,29010,highlightWomen
2300,29010,isHiring
2301,29002,highlightWomen
2302,29001,isHiring
2303,29000,isHiring
2304,28999,highlightWomen
2305,28997,highlightWomen
2306,28996,highlightWomen
2307,28996,isHiring
2308,28983,isHiring
2309,28981,highlightWomen
2310,28981,isHiring
2311,28980,highlightWomen
2312,28980,isHiring
2313,28978,highlightWomen
2314,28977,highlightBlack
2315,28971,highlightWomen
2316,28967,highlightWomen
2317,28966,highlightWomen
2318,28966,isHiring
2319,28957,isHiring
2320,28956,isHiring
2321,28940,isHiring
2322,28939,highlightLatinx
2323,28939,highlightWomen
2324,28936,highlightLatinx
2325,28936,highlightWomen
2326,28935,highlightWomen
2327,28935,isHiring
2328,28929,isHiring
2329,28928,isHiring
2330,28923,isHiring
2331,28922,highlightBlack
2332,28911,isHiring
2333,28900,highlightWomen
2334,28894,highlightBlack
2335,28894,highlightLatinx
2336,28893,highlightLatinx
2337,28883,isHiring
2338,28881,highlightBlack
2339,28880,isHiring
2340,28879,highlightBlack
2341,28879,highlightWomen
2342,28869,isHiring
2343,28868,highlightLatinx
2344,28862,isHiring
2345,28860,isHiring
2346,28853,highlightLatinx
2347,28853,highlightWomen
2348,28846,highlightBlack
2349,28845,highlightLatinx
2350,28844,isHiring
2351,28843,highlightWomen
2352,28837,isHiring
2353,28835,isHiring
2354,28827,isHiring
2355,28825,isHiring
2356,28823,highlightWomen
2357,28817,isHiring
2358,28815,isHiring
2359,28811,isHiring
2360,28808,highlightBlack
2361,28808,highlightLatinx
2362,28805,isHiring
2363,28804,isHiring
2364,28791,isHiring
2365,28790,highlightWomen
2366,28789,isHiring
2367,28787,isHiring
2368,28786,isHiring
2369,28784,highlightWomen
2370,28780,highlightLatinx
2371,28779,highlightWomen
2372,28777,isHiring
2373,28745,highlightWomen
2374,28744,isHiring
2375,28743,highlightWomen
2376,28743,isHiring
2377,28707,highlightBlack
2378,28663,isHiring
2379,28650,highlightWomen
2380,28650,isHiring
2381,28589,isHiring
2382,28486,highlightLatinx
2383,28404,isHiring
2384,29089,highlightLatinx
2385,29089,highlightWomen
2386,29523,isHiring
2387,29517,highlightWomen
2388,29513,isHiring
2389,29512,isHiring
2390,29511,highlightWomen
2391,29511,isHiring
2392,29510,highlightWomen
2393,29510,isHiring
2394,29509,isHiring
2395,29508,isHiring
2396,29507,highlightWomen
2397,29506,highlightWomen
2398,29496,isHiring
2399,29484,isHiring
2400,29482,highlightWomen
2401,29481,highlightWomen
2402,29481,isHiring
2403,29470,highlightLatinx
2404,29470,highlightWomen
2405,29467,isHiring
2406,29463,isHiring
2407,29460,highlightBlack
2408,29459,highlightBlack
2409,29457,highlightWomen
2410,29457,isHiring
2411,29455,highlightLatinx
2412,29453,highlightBlack
2413,29444,isHiring
2414,29442,highlightBlack
2415,29441,highlightWomen
2416,29441,isHiring
2417,29440,isHiring
2418,29439,highlightLatinx
2419,29439,highlightWomen
2420,29438,highlightLatinx
2421,29438,highlightWomen
2422,29438,isHiring
2423,29435,highlightBlack
2424,29434,isHiring
2425,29433,isHiring
2426,29432,highlightBlack
2427,29432,highlightWomen
2428,29430,highlightBlack
2429,29430,isHiring
2430,29425,isHiring
2431,29424,highlightWomen
2432,29424,isHiring
2433,29423,highlightBlack
2434,29422,isHiring
2435,29421,highlightWomen
2436,29418,isHiring
2437,29417,isHiring
2438,29415,isHiring
2439,29414,highlightBlack
2440,29414,highlightWomen
2441,29413,highlightWomen
2442,29411,isHiring
2443,29410,isHiring
2444,29409,isHiring
2445,29407,highlightWomen
2446,29407,isHiring
2447,29404,highlightWomen
2448,29404,isHiring
2449,29403,highlightWomen
2450,29401,highlightWomen
2451,29401,isHiring
2452,29399,highlightWomen
2453,29396,highlightBlack
2454,29396,isHiring
2455,29395,isHiring
2456,29390,isHiring
2457,29389,highlightWomen
2458,29389,isHiring
2459,29386,highlightWomen
2460,29384,highlightWomen
2461,29382,highlightLatinx
2462,29379,highlightBlack
2463,29377,isHiring
2464,29376,highlightLatinx
2465,29376,isHiring
2466,29373,highlightBlack
2467,29367,isHiring
2468,29357,highlightLatinx
2469,29357,highlightWomen
2470,29353,highlightWomen
2471,29350,highlightWomen
2472,29346,isHiring
2473,29342,highlightLatinx
2474,29341,highlightWomen
2475,29341,isHiring
2476,29340,highlightWomen
2477,29340,isHiring
2478,29339,isHiring
2479,29336,highlightWomen
2480,29336,isHiring
2481,29333,highlightLatinx
2482,29333,highlightWomen
2483,29328,highlightBlack
2484,29326,highlightWomen
2485,29326,isHiring
2486,29323,highlightLatinx
2487,29319,isHiring
2488,29315,highlightWomen
2489,29313,highlightLatinx
2490,29313,highlightWomen
2491,29311,highlightLatinx
2492,29309,highlightWomen
2493,29306,highlightWomen
2494,29304,isHiring
2495,29302,highlightWomen
2496,29300,isHiring
2497,29299,highlightWomen
2498,29295,highlightWomen
2499,29295,isHiring
2500,29291,isHiring
2501,29288,isHiring
2502,29287,highlightWomen
2503,29286,highlightBlack
2504,29286,highlightLatinx
2505,29286,isHiring
2506,29285,highlightWomen
2507,29283,highlightWomen
2508,29269,highlightBlack
2509,29269,highlightLatinx
2510,29268,highlightLatinx
2511,29267,isHiring
2512,29263,isHiring
2513,29258,highlightWomen
2514,29257,highlightWomen
2515,29256,isHiring
2516,29254,isHiring
2517,29253,isHiring
2518,29252,highlightWomen
2519,29249,highlightWomen
2520,29249,isHiring
2521,29245,highlightWomen
2522,29241,highlightLatinx
2523,29241,isHiring
2524,29238,highlightWomen
2525,29238,isHiring
2526,29226,isHiring
2527,29205,highlightWomen
2528,29201,isHiring
2529,29196,highlightWomen
2530,29185,isHiring
2531,29184,highlightBlack
2532,29183,isHiring
2533,29182,highlightWomen
2534,29180,isHiring
2535,29178,highlightWomen
2536,29177,isHiring
2537,29990,highlightWomen
2538,29983,highlightLatinx
2539,29983,isHiring
2540,29978,isHiring
2541,29977,highlightWomen
2542,29972,highlightBlack
2543,29967,highlightBlack
2544,29964,isHiring
2545,29963,isHiring
2546,29856,highlightWomen
2547,29849,highlightBlack
2548,29849,highlightLatinx
2549,29844,isHiring
2550,29841,highlightWomen
2551,29840,highlightBlack
2552,29837,highlightWomen
2553,29836,highlightWomen
2554,29834,highlightBlack
2555,29830,highlightWomen
2556,29825,highlightWomen
2557,29824,isHiring
2558,29823,isHiring
2559,29820,highlightLatinx
2560,29812,highlightLatinx
2561,29805,highlightBlack
2562,29805,highlightWomen
2563,29804,highlightLatinx
2564,29800,highlightLatinx
2565,29798,highlightBlack
2566,29796,highlightLatinx
2567,29795,highlightWomen
2568,29794,highlightBlack
2569,29794,highlightWomen
2570,29789,isHiring
2571,29786,highlightLatinx
2572,29785,highlightWomen
2573,29780,isHiring
2574,29778,highlightLatinx
2575,29774,isHiring
2576,29770,isHiring
2577,29768,highlightWomen
2578,29761,isHiring
2579,29755,highlightWomen
2580,29755,isHiring
2581,29754,highlightBlack
2582,29749,highlightWomen
2583,29748,highlightLatinx
2584,29735,highlightWomen
2585,29734,highlightWomen
2586,29729,highlightWomen
2587,29727,highlightWomen
2588,29712,highlightLatinx
2589,29711,highlightWomen
2590,29710,highlightLatinx
2591,29710,highlightWomen
2592,29710,isHiring
2593,29709,highlightBlack
2594,29705,highlightWomen
2595,29704,highlightWomen
2596,29691,highlightWomen
2597,29689,isHiring
2598,29685,highlightBlack
2599,29676,highlightWomen
2600,29675,highlightWomen
2601,29673,highlightWomen
2602,29665,highlightWomen
2603,29658,highlightLatinx
2604,29654,highlightWomen
2605,29653,highlightBlack
2606,29650,highlightLatinx
2607,29649,isHiring
2608,29646,highlightLatinx
2609,29646,highlightWomen
2610,29644,highlightBlack
2611,29643,isHiring
2612,29637,highlightWomen
2613,29627,highlightLatinx
2614,29623,isHiring
2615,29613,isHiring
2616,29611,highlightLatinx
2617,29610,isHiring
2618,29607,isHiring
2619,29605,highlightLatinx
2620,29597,highlightWomen
2621,29591,highlightLatinx
2622,29582,highlightLatinx
2623,29579,highlightWomen
2624,29579,isHiring
2625,29575,highlightBlack
2626,29575,highlightLatinx
2627,29572,highlightLatinx
2628,29572,highlightWomen
2629,29569,highlightBlack
2630,29558,isHiring
2631,29532,highlightLatinx
2632,29524,highlightWomen
2633,29475,highlightWomen
2634,29474,highlightWomen
2635,29412,highlightWomen
2636,29406,highlightWomen
2637,29387,highlightWomen
2638,29327,isHiring
2639,29296,highlightWomen
2640,29251,isHiring
